X,CH1,CH2,Start,Increment
Sequence,VOLT,VOLT,-4.00E-2,2.00E-4
0,3.20E-1,3.20E-1
1,4.00E-1,4.80E-1
2,3.20E-1,3.20E-1
3,4.00E-1,4.80E-1
4,3.20E-1,3.20E-1
5,4.00E-1,4.80E-1
6,3.20E-1,3.20E-1
7,4.00E-1,4.80E-1
8,3.20E-1,3.20E-1
9,4.00E-1,4.80E-1
10,3.20E-1,3.20E-1
11,4.00E-1,4.80E-1
12,3.20E-1,4.80E-1
13,4.00E-1,3.20E-1
14,3.20E-1,3.20E-1
15,4.00E-1,4.80E-1
16,3.20E-1,3.20E-1
17,4.00E-1,4.80E-1
18,3.20E-1,3.20E-1
19,4.00E-1,4.80E-1
20,3.20E-1,3.20E-1
21,4.00E-1,4.80E-1
22,3.20E-1,4.80E-1
23,4.00E-1,3.20E-1
24,3.20E-1,3.20E-1
25,4.00E-1,4.80E-1
26,3.20E-1,3.20E-1
27,4.00E-1,4.80E-1
28,3.20E-1,3.20E-1
29,4.00E-1,4.80E-1
30,3.20E-1,4.80E-1
31,4.00E-1,3.20E-1
32,3.20E-1,3.20E-1
33,4.00E-1,4.80E-1
34,3.20E-1,3.20E-1
35,4.00E-1,4.80E-1
36,3.20E-1,4.80E-1
37,4.00E-1,3.20E-1
38,3.20E-1,3.20E-1
39,4.00E-1,4.80E-1
40,3.20E-1,3.20E-1
41,4.00E-1,4.80E-1
42,3.20E-1,3.20E-1
43,4.00E-1,4.80E-1
44,3.20E-1,3.20E-1
45,4.00E-1,4.80E-1
46,3.20E-1,4.80E-1
47,4.00E-1,3.20E-1
48,3.20E-1,3.20E-1
49,4.00E-1,4.80E-1
50,3.20E-1,3.20E-1
51,4.00E-1,4.80E-1
52,4.00E-1,3.20E-1
53,3.20E-1,4.80E-1
54,3.20E-1,3.20E-1
55,4.00E-1,4.80E-1
56,3.20E-1,3.20E-1
57,4.00E-1,4.80E-1
58,3.20E-1,3.20E-1
59,4.00E-1,4.80E-1
60,3.20E-1,4.80E-1
61,4.00E-1,3.20E-1
62,4.00E-1,3.20E-1
63,3.20E-1,4.80E-1
64,4.00E-1,3.20E-1
65,3.20E-1,4.80E-1
66,3.20E-1,3.20E-1
67,4.00E-1,4.80E-1
68,3.20E-1,3.20E-1
69,4.00E-1,4.80E-1
70,3.20E-1,3.20E-1
71,4.00E-1,4.80E-1
72,3.20E-1,4.80E-1
73,4.00E-1,3.20E-1
74,3.20E-1,3.20E-1
75,4.00E-1,4.80E-1
76,3.20E-1,3.20E-1
77,4.00E-1,4.80E-1
78,4.00E-1,4.80E-1
79,3.20E-1,3.20E-1
80,3.20E-1,3.20E-1
81,4.00E-1,4.80E-1
82,3.20E-1,3.20E-1
83,4.00E-1,4.80E-1
84,3.20E-1,3.20E-1
85,4.00E-1,4.80E-1
86,4.00E-1,3.20E-1
87,3.20E-1,4.80E-1
88,3.20E-1,3.20E-1
89,4.00E-1,4.80E-1
90,3.20E-1,3.20E-1
91,4.00E-1,4.80E-1
92,3.20E-1,3.20E-1
93,4.00E-1,4.80E-1
94,3.20E-1,3.20E-1
95,4.00E-1,4.80E-1
96,3.20E-1,3.20E-1
97,4.00E-1,4.80E-1
98,4.00E-1,3.20E-1
99,3.20E-1,4.80E-1
100,3.20E-1,3.20E-1
101,4.00E-1,4.80E-1
102,3.20E-1,3.20E-1
103,4.00E-1,4.80E-1
104,3.20E-1,4.80E-1
105,4.00E-1,3.20E-1
106,4.00E-1,3.20E-1
107,3.20E-1,4.80E-1
108,3.20E-1,4.80E-1
109,4.00E-1,3.20E-1
110,3.20E-1,3.20E-1
111,4.00E-1,4.80E-1
112,3.20E-1,4.80E-1
113,4.00E-1,3.20E-1
114,3.20E-1,3.20E-1
115,4.00E-1,4.80E-1
116,3.20E-1,4.80E-1
117,4.00E-1,3.20E-1
118,3.20E-1,3.20E-1
119,4.00E-1,4.80E-1
120,3.20E-1,3.20E-1
121,4.00E-1,4.80E-1
122,3.20E-1,3.20E-1
123,4.00E-1,4.80E-1
124,3.20E-1,3.20E-1
125,4.00E-1,4.80E-1
126,3.20E-1,3.20E-1
127,4.00E-1,4.80E-1
128,3.20E-1,3.20E-1
129,4.00E-1,4.80E-1
130,3.20E-1,3.20E-1
131,4.00E-1,4.80E-1
132,3.20E-1,4.80E-1
133,4.00E-1,3.20E-1
134,3.20E-1,4.80E-1
135,4.00E-1,3.20E-1
136,3.20E-1,3.20E-1
137,4.00E-1,4.80E-1
138,3.20E-1,4.80E-1
139,4.00E-1,3.20E-1
140,3.20E-1,3.20E-1
141,4.00E-1,4.80E-1
142,3.20E-1,3.20E-1
143,4.00E-1,4.80E-1
144,3.20E-1,3.20E-1
145,4.00E-1,4.80E-1
146,4.00E-1,3.20E-1
147,3.20E-1,4.80E-1
148,3.20E-1,3.20E-1
149,4.00E-1,4.80E-1
150,3.20E-1,4.80E-1
151,4.00E-1,3.20E-1
152,3.20E-1,4.80E-1
153,4.00E-1,3.20E-1
154,3.20E-1,4.80E-1
155,4.00E-1,3.20E-1
156,4.00E-1,4.80E-1
157,3.20E-1,3.20E-1
158,4.00E-1,3.20E-1
159,3.20E-1,4.80E-1
160,3.20E-1,3.20E-1
161,4.00E-1,4.80E-1
162,3.20E-1,3.20E-1
163,4.00E-1,4.80E-1
164,3.20E-1,3.20E-1
165,4.00E-1,4.80E-1
166,3.20E-1,4.80E-1
167,4.00E-1,3.20E-1
168,3.20E-1,4.80E-1
169,4.00E-1,3.20E-1
170,3.20E-1,3.20E-1
171,4.00E-1,4.80E-1
172,3.20E-1,3.20E-1
173,4.00E-1,4.80E-1
174,3.20E-1,3.20E-1
175,4.00E-1,4.80E-1
176,3.20E-1,3.20E-1
177,4.00E-1,4.80E-1
178,3.20E-1,3.20E-1
179,4.00E-1,4.80E-1
180,3.20E-1,4.80E-1
181,4.00E-1,3.20E-1
182,3.20E-1,4.80E-1
183,4.00E-1,3.20E-1
184,3.20E-1,3.20E-1
185,4.00E-1,4.80E-1
186,4.00E-1,3.20E-1
187,3.20E-1,4.80E-1
188,3.20E-1,3.20E-1
189,4.00E-1,4.80E-1
190,3.20E-1,4.80E-1
191,4.00E-1,3.20E-1
192,4.00E-1,3.20E-1
193,3.20E-1,4.80E-1
194,3.20E-1,3.20E-1
195,4.00E-1,4.80E-1
196,3.20E-1,4.80E-1
197,4.00E-1,3.20E-1
198,3.20E-1,4.80E-1
199,4.00E-1,3.20E-1
200,5.28E+0,4.88E+0
201,1.44E+1,7.44E+0
202,7.12E+0,7.20E+0
203,7.28E+0,6.96E+0
204,7.68E+0,7.36E+0
205,6.56E+0,6.56E+0
206,6.80E+0,7.20E+0
207,7.52E+0,6.80E+0
208,6.64E+0,6.64E+0
209,7.52E+0,7.44E+0
210,7.36E+0,7.44E+0
211,7.04E+0,7.04E+0
212,7.12E+0,7.12E+0
213,7.28E+0,7.20E+0
214,7.12E+0,7.12E+0
215,7.28E+0,7.20E+0
216,7.12E+0,7.12E+0
217,7.28E+0,7.20E+0
218,7.28E+0,7.12E+0
219,7.12E+0,7.20E+0
220,7.12E+0,7.12E+0
221,7.28E+0,7.20E+0
222,7.28E+0,7.12E+0
223,7.12E+0,7.20E+0
224,7.12E+0,7.12E+0
225,7.28E+0,7.20E+0
226,7.12E+0,7.12E+0
227,7.20E+0,7.20E+0
228,7.12E+0,7.12E+0
229,7.20E+0,7.20E+0
230,7.12E+0,7.12E+0
231,7.20E+0,7.20E+0
232,7.12E+0,7.20E+0
233,7.20E+0,7.12E+0
234,7.12E+0,7.12E+0
235,7.20E+0,7.20E+0
236,7.20E+0,7.12E+0
237,7.12E+0,7.20E+0
238,7.12E+0,7.12E+0
239,7.20E+0,7.20E+0
240,7.12E+0,7.12E+0
241,7.20E+0,7.20E+0
242,7.12E+0,7.12E+0
243,7.20E+0,7.20E+0
244,7.12E+0,7.12E+0
245,7.20E+0,7.20E+0
246,7.12E+0,7.20E+0
247,7.20E+0,7.12E+0
248,7.12E+0,7.12E+0
249,7.20E+0,7.20E+0
250,7.12E+0,7.12E+0
251,7.20E+0,7.20E+0
252,7.12E+0,7.12E+0
253,7.20E+0,7.20E+0
254,7.12E+0,7.12E+0
255,7.20E+0,7.20E+0
256,7.12E+0,7.12E+0
257,7.20E+0,7.20E+0
258,7.12E+0,7.12E+0
259,7.20E+0,7.20E+0
260,7.20E+0,7.12E+0
261,7.12E+0,7.20E+0
262,7.12E+0,7.12E+0
263,7.20E+0,7.20E+0
264,7.12E+0,7.12E+0
265,7.20E+0,7.20E+0
266,7.12E+0,7.12E+0
267,7.20E+0,7.20E+0
268,7.12E+0,7.12E+0
269,7.20E+0,7.20E+0
270,7.12E+0,7.12E+0
271,7.20E+0,7.20E+0
272,7.12E+0,7.12E+0
273,7.20E+0,7.20E+0
274,7.12E+0,7.12E+0
275,7.20E+0,7.20E+0
276,7.12E+0,7.12E+0
277,7.20E+0,7.20E+0
278,7.12E+0,7.12E+0
279,7.20E+0,7.20E+0
280,7.12E+0,7.12E+0
281,7.20E+0,7.20E+0
282,7.12E+0,7.12E+0
283,7.20E+0,7.20E+0
284,7.12E+0,7.12E+0
285,7.20E+0,7.20E+0
286,7.12E+0,7.12E+0
287,7.20E+0,7.20E+0
288,7.12E+0,7.12E+0
289,7.20E+0,7.20E+0
290,7.12E+0,7.12E+0
291,7.20E+0,7.20E+0
292,7.20E+0,7.12E+0
293,7.12E+0,7.20E+0
294,7.12E+0,7.12E+0
295,7.20E+0,7.20E+0
296,7.12E+0,7.12E+0
297,7.20E+0,7.20E+0
298,7.20E+0,7.12E+0
299,7.12E+0,7.20E+0
300,7.12E+0,7.12E+0
301,7.20E+0,7.20E+0
302,7.12E+0,7.12E+0
303,7.20E+0,7.20E+0
304,7.12E+0,7.12E+0
305,7.20E+0,7.20E+0
306,7.12E+0,7.12E+0
307,7.20E+0,7.20E+0
308,7.12E+0,7.12E+0
309,7.20E+0,7.20E+0
310,7.12E+0,7.12E+0
311,7.20E+0,7.20E+0
312,7.12E+0,7.12E+0
313,7.20E+0,7.20E+0
314,7.12E+0,7.12E+0
315,7.20E+0,7.20E+0
316,7.12E+0,7.12E+0
317,7.20E+0,7.20E+0
318,7.12E+0,7.12E+0
319,7.20E+0,7.20E+0
320,7.20E+0,7.12E+0
321,7.12E+0,7.20E+0
322,7.12E+0,7.12E+0
323,7.20E+0,7.20E+0
324,7.12E+0,7.20E+0
325,7.20E+0,7.12E+0
326,7.12E+0,7.20E+0
327,7.20E+0,7.12E+0
328,7.12E+0,7.12E+0
329,7.20E+0,7.20E+0
330,7.12E+0,7.12E+0
331,7.20E+0,7.20E+0
332,7.12E+0,7.12E+0
333,7.20E+0,7.20E+0
334,7.12E+0,7.12E+0
335,7.20E+0,7.20E+0
336,7.12E+0,7.12E+0
337,7.20E+0,7.20E+0
338,7.12E+0,7.12E+0
339,7.20E+0,7.20E+0
340,7.12E+0,7.12E+0
341,7.20E+0,7.20E+0
342,7.12E+0,7.12E+0
343,7.20E+0,7.20E+0
344,7.12E+0,7.12E+0
345,7.20E+0,7.20E+0
346,7.12E+0,7.12E+0
347,7.20E+0,7.20E+0
348,7.12E+0,7.12E+0
349,7.20E+0,7.20E+0
350,7.12E+0,7.12E+0
351,7.20E+0,7.20E+0
352,7.12E+0,7.12E+0
353,7.20E+0,7.20E+0
354,7.12E+0,7.12E+0
355,7.20E+0,7.20E+0
356,7.12E+0,7.12E+0
357,7.20E+0,7.20E+0
358,7.12E+0,7.12E+0
359,7.20E+0,7.20E+0
360,7.12E+0,7.20E+0
361,7.20E+0,7.12E+0
362,7.12E+0,7.12E+0
363,7.20E+0,7.20E+0
364,7.12E+0,7.12E+0
365,7.20E+0,7.20E+0
366,7.12E+0,7.12E+0
367,7.20E+0,7.20E+0
368,7.12E+0,7.12E+0
369,7.20E+0,7.20E+0
370,7.12E+0,7.12E+0
371,7.20E+0,7.20E+0
372,7.12E+0,7.12E+0
373,7.20E+0,7.20E+0
374,7.12E+0,7.12E+0
375,7.20E+0,7.20E+0
376,7.12E+0,7.12E+0
377,7.20E+0,7.20E+0
378,7.12E+0,7.12E+0
379,7.20E+0,7.20E+0
380,7.12E+0,7.12E+0
381,7.20E+0,7.20E+0
382,7.12E+0,7.12E+0
383,7.20E+0,7.20E+0
384,7.12E+0,7.12E+0
385,7.20E+0,7.20E+0
386,7.20E+0,7.12E+0
387,7.12E+0,7.20E+0
388,7.12E+0,7.12E+0
389,7.20E+0,7.20E+0
390,7.20E+0,7.12E+0
391,7.12E+0,7.20E+0
392,7.12E+0,7.12E+0
393,7.20E+0,7.20E+0
394,7.12E+0,7.12E+0
395,7.20E+0,7.20E+0
396,7.12E+0,7.12E+0
397,7.20E+0,7.20E+0
398,7.12E+0,7.12E+0
399,7.20E+0,7.20E+0
400,7.20E+0,7.12E+0
401,7.12E+0,7.20E+0
402,7.12E+0,7.12E+0
403,7.20E+0,7.20E+0
404,7.12E+0,7.12E+0
405,7.20E+0,7.20E+0
406,7.12E+0,7.12E+0
407,7.20E+0,7.20E+0
408,7.12E+0,7.20E+0
409,7.20E+0,7.12E+0
410,7.12E+0,7.12E+0
411,7.20E+0,7.20E+0
412,7.12E+0,7.12E+0
413,7.20E+0,7.20E+0
414,7.20E+0,7.12E+0
415,7.12E+0,7.20E+0
416,7.20E+0,7.12E+0
417,7.12E+0,7.20E+0
418,7.12E+0,7.20E+0
419,7.20E+0,7.12E+0
420,7.12E+0,7.12E+0
421,7.20E+0,7.20E+0
422,7.12E+0,7.12E+0
423,7.20E+0,7.20E+0
424,7.12E+0,7.12E+0
425,7.20E+0,7.20E+0
426,7.12E+0,7.12E+0
427,7.20E+0,7.20E+0
428,7.20E+0,7.12E+0
429,7.12E+0,7.20E+0
430,7.20E+0,7.12E+0
431,7.12E+0,7.20E+0
432,7.12E+0,7.12E+0
433,7.20E+0,7.20E+0
434,7.20E+0,7.12E+0
435,7.12E+0,7.20E+0
436,7.12E+0,7.12E+0
437,7.20E+0,7.20E+0
438,7.12E+0,7.12E+0
439,7.20E+0,7.20E+0
440,7.12E+0,7.12E+0
441,7.20E+0,7.20E+0
442,7.20E+0,7.12E+0
443,7.12E+0,7.20E+0
444,7.12E+0,7.12E+0
445,7.20E+0,7.20E+0
446,7.12E+0,7.12E+0
447,7.20E+0,7.20E+0
448,7.12E+0,7.20E+0
449,7.20E+0,7.12E+0
450,7.12E+0,7.12E+0
451,7.20E+0,7.20E+0
452,7.20E+0,7.12E+0
453,7.12E+0,7.20E+0
454,7.12E+0,7.20E+0
455,7.20E+0,7.12E+0
456,7.12E+0,7.12E+0
457,7.20E+0,7.20E+0
458,7.12E+0,7.12E+0
459,7.20E+0,7.20E+0
460,7.20E+0,7.12E+0
461,7.12E+0,7.20E+0
462,7.12E+0,7.12E+0
463,7.20E+0,7.20E+0
464,7.12E+0,7.12E+0
465,7.20E+0,7.20E+0
466,7.12E+0,7.12E+0
467,7.20E+0,7.20E+0
468,7.20E+0,7.12E+0
469,7.12E+0,7.20E+0
470,7.12E+0,7.12E+0
471,7.20E+0,7.20E+0
472,7.12E+0,7.12E+0
473,7.20E+0,7.20E+0
474,7.12E+0,7.12E+0
475,7.20E+0,7.20E+0
476,7.12E+0,7.12E+0
477,7.20E+0,7.20E+0
478,7.12E+0,7.12E+0
479,7.20E+0,7.20E+0
480,7.12E+0,7.12E+0
481,7.20E+0,7.20E+0
482,7.20E+0,7.12E+0
483,7.12E+0,7.20E+0
484,7.12E+0,7.12E+0
485,7.20E+0,7.20E+0
486,7.12E+0,7.12E+0
487,7.20E+0,7.20E+0
488,7.12E+0,7.12E+0
489,7.20E+0,7.20E+0
490,7.12E+0,7.12E+0
491,7.20E+0,7.20E+0
492,7.20E+0,7.12E+0
493,7.12E+0,7.20E+0
494,7.20E+0,7.12E+0
495,7.12E+0,7.20E+0
496,7.12E+0,7.12E+0
497,7.20E+0,7.20E+0
498,7.12E+0,7.12E+0
499,7.20E+0,7.20E+0
500,7.12E+0,7.12E+0
501,7.20E+0,7.20E+0
502,7.12E+0,7.12E+0
503,7.20E+0,7.20E+0
504,7.12E+0,7.12E+0
505,7.20E+0,7.20E+0
506,7.12E+0,7.12E+0
507,7.20E+0,7.20E+0
508,7.12E+0,7.12E+0
509,7.20E+0,7.20E+0
510,7.12E+0,7.12E+0
511,7.20E+0,7.20E+0
512,7.20E+0,7.12E+0
513,7.12E+0,7.20E+0
514,7.12E+0,7.12E+0
515,7.20E+0,7.20E+0
516,7.12E+0,7.12E+0
517,7.20E+0,7.20E+0
518,7.12E+0,7.12E+0
519,7.20E+0,7.20E+0
520,7.20E+0,7.12E+0
521,7.12E+0,7.20E+0
522,7.20E+0,7.12E+0
523,7.12E+0,7.20E+0
524,7.12E+0,7.12E+0
525,7.20E+0,7.20E+0
526,7.12E+0,7.12E+0
527,7.20E+0,7.20E+0
528,7.20E+0,7.12E+0
529,7.12E+0,7.20E+0
530,7.12E+0,7.12E+0
531,7.20E+0,7.20E+0
532,7.12E+0,7.12E+0
533,7.20E+0,7.20E+0
534,7.12E+0,7.12E+0
535,7.20E+0,7.20E+0
536,7.12E+0,7.12E+0
537,7.20E+0,7.20E+0
538,7.12E+0,7.12E+0
539,7.20E+0,7.20E+0
540,7.12E+0,7.12E+0
541,7.20E+0,7.20E+0
542,7.12E+0,7.12E+0
543,7.20E+0,7.20E+0
544,7.12E+0,7.12E+0
545,7.20E+0,7.20E+0
546,7.12E+0,7.12E+0
547,7.20E+0,7.20E+0
548,7.12E+0,7.12E+0
549,7.20E+0,7.20E+0
550,7.12E+0,7.12E+0
551,7.20E+0,7.20E+0
552,7.12E+0,7.12E+0
553,7.20E+0,7.20E+0
554,7.20E+0,7.12E+0
555,7.12E+0,7.20E+0
556,7.12E+0,7.12E+0
557,7.20E+0,7.20E+0
558,7.20E+0,7.12E+0
559,7.12E+0,7.20E+0
560,7.12E+0,7.12E+0
561,7.20E+0,7.20E+0
562,7.12E+0,7.12E+0
563,7.20E+0,7.20E+0
564,7.12E+0,7.12E+0
565,7.20E+0,7.20E+0
566,7.12E+0,7.12E+0
567,7.20E+0,7.20E+0
568,7.12E+0,7.12E+0
569,7.20E+0,7.20E+0
570,7.12E+0,7.12E+0
571,7.20E+0,7.20E+0
572,7.20E+0,7.12E+0
573,7.12E+0,7.20E+0
574,7.12E+0,7.12E+0
575,7.20E+0,7.20E+0
576,7.20E+0,7.12E+0
577,7.12E+0,7.20E+0
578,7.12E+0,7.12E+0
579,7.20E+0,7.20E+0
580,7.12E+0,7.12E+0
581,7.20E+0,7.20E+0
582,7.12E+0,7.20E+0
583,7.20E+0,7.12E+0
584,7.12E+0,7.12E+0
585,7.20E+0,7.20E+0
586,7.20E+0,7.12E+0
587,7.12E+0,7.20E+0
588,7.12E+0,7.12E+0
589,7.20E+0,7.20E+0
590,7.12E+0,7.12E+0
591,7.20E+0,7.20E+0
592,7.12E+0,7.12E+0
593,7.20E+0,7.20E+0
594,7.12E+0,7.12E+0
595,7.20E+0,7.20E+0
596,7.12E+0,7.12E+0
597,7.20E+0,7.20E+0
598,7.12E+0,7.12E+0
599,7.20E+0,7.20E+0
600,7.12E+0,7.12E+0
601,7.20E+0,7.20E+0
602,7.12E+0,7.12E+0
603,7.20E+0,7.20E+0
604,7.12E+0,7.12E+0
605,7.20E+0,7.20E+0
606,7.12E+0,7.12E+0
607,7.20E+0,7.20E+0
608,7.12E+0,7.12E+0
609,7.20E+0,7.20E+0
610,7.12E+0,7.12E+0
611,7.20E+0,7.20E+0
612,7.12E+0,7.12E+0
613,7.20E+0,7.20E+0
614,7.12E+0,7.12E+0
615,7.20E+0,7.20E+0
616,7.20E+0,7.12E+0
617,7.12E+0,7.20E+0
618,7.12E+0,7.12E+0
619,7.20E+0,7.20E+0
620,7.12E+0,7.12E+0
621,7.20E+0,7.20E+0
622,7.20E+0,7.12E+0
623,7.12E+0,7.20E+0
624,7.12E+0,7.12E+0
625,7.20E+0,7.20E+0
626,7.12E+0,7.12E+0
627,7.20E+0,7.20E+0
628,7.12E+0,7.12E+0
629,7.20E+0,7.20E+0
630,7.12E+0,7.12E+0
631,7.20E+0,7.20E+0
632,7.12E+0,7.12E+0
633,7.20E+0,7.20E+0
634,7.12E+0,7.12E+0
635,7.20E+0,7.20E+0
636,7.12E+0,7.12E+0
637,7.20E+0,7.20E+0
638,7.12E+0,7.12E+0
639,7.20E+0,7.20E+0
640,7.12E+0,7.12E+0
641,7.20E+0,7.20E+0
642,7.12E+0,7.12E+0
643,7.20E+0,7.20E+0
644,7.12E+0,7.12E+0
645,7.20E+0,7.20E+0
646,7.12E+0,7.12E+0
647,7.20E+0,7.20E+0
648,7.12E+0,7.12E+0
649,7.20E+0,7.20E+0
650,7.12E+0,7.12E+0
651,7.20E+0,7.20E+0
652,7.12E+0,7.12E+0
653,7.20E+0,7.20E+0
654,7.12E+0,7.12E+0
655,7.20E+0,7.20E+0
656,7.12E+0,7.12E+0
657,7.20E+0,7.20E+0
658,7.12E+0,7.12E+0
659,7.20E+0,7.20E+0
660,7.12E+0,7.20E+0
661,7.20E+0,7.12E+0
662,7.12E+0,7.20E+0
663,7.20E+0,7.12E+0
664,7.20E+0,7.12E+0
665,7.12E+0,7.20E+0
666,7.20E+0,7.12E+0
667,7.12E+0,7.20E+0
668,7.12E+0,7.12E+0
669,7.20E+0,7.20E+0
670,7.12E+0,7.12E+0
671,7.20E+0,7.20E+0
672,7.12E+0,7.12E+0
673,7.20E+0,7.20E+0
674,7.20E+0,7.12E+0
675,7.12E+0,7.20E+0
676,7.12E+0,7.12E+0
677,7.20E+0,7.20E+0
678,7.12E+0,7.12E+0
679,7.20E+0,7.20E+0
680,7.12E+0,7.12E+0
681,7.20E+0,7.20E+0
682,7.12E+0,7.12E+0
683,7.20E+0,7.20E+0
684,7.12E+0,7.12E+0
685,7.20E+0,7.20E+0
686,7.12E+0,7.12E+0
687,7.20E+0,7.20E+0
688,7.12E+0,7.12E+0
689,7.20E+0,7.20E+0
690,7.12E+0,7.12E+0
691,7.20E+0,7.20E+0
692,7.12E+0,7.12E+0
693,7.20E+0,7.20E+0
694,7.12E+0,7.12E+0
695,7.20E+0,7.20E+0
696,7.12E+0,7.12E+0
697,7.20E+0,7.20E+0
698,7.12E+0,7.12E+0
699,7.20E+0,7.20E+0
700,7.12E+0,7.12E+0
701,7.20E+0,7.20E+0
702,7.12E+0,7.12E+0
703,7.20E+0,7.20E+0
704,7.12E+0,7.12E+0
705,7.20E+0,7.20E+0
706,7.12E+0,7.12E+0
707,7.20E+0,7.20E+0
708,7.12E+0,7.12E+0
709,7.20E+0,7.20E+0
710,7.12E+0,7.12E+0
711,7.20E+0,7.20E+0
712,7.20E+0,7.12E+0
713,7.12E+0,7.20E+0
714,7.12E+0,7.12E+0
715,7.20E+0,7.20E+0
716,7.12E+0,7.12E+0
717,7.20E+0,7.20E+0
718,7.12E+0,7.12E+0
719,7.20E+0,7.20E+0
720,7.12E+0,7.12E+0
721,7.20E+0,7.20E+0
722,7.20E+0,7.12E+0
723,7.12E+0,7.20E+0
724,7.12E+0,7.12E+0
725,7.20E+0,7.20E+0
726,7.20E+0,7.12E+0
727,7.12E+0,7.20E+0
728,7.12E+0,7.12E+0
729,7.20E+0,7.20E+0
730,7.12E+0,7.12E+0
731,7.20E+0,7.20E+0
732,7.12E+0,7.12E+0
733,7.20E+0,7.20E+0
734,7.12E+0,7.12E+0
735,7.20E+0,7.20E+0
736,7.12E+0,7.12E+0
737,7.20E+0,7.20E+0
738,7.12E+0,7.12E+0
739,7.20E+0,7.20E+0
740,7.12E+0,7.12E+0
741,7.20E+0,7.20E+0
742,7.12E+0,7.12E+0
743,7.20E+0,7.20E+0
744,7.12E+0,7.20E+0
745,7.20E+0,7.12E+0
746,7.12E+0,7.12E+0
747,7.20E+0,7.20E+0
748,7.12E+0,7.12E+0
749,7.20E+0,7.20E+0
750,7.20E+0,7.12E+0
751,7.12E+0,7.20E+0
752,7.12E+0,7.12E+0
753,7.20E+0,7.20E+0
754,7.20E+0,7.20E+0
755,7.12E+0,7.12E+0
756,7.12E+0,7.12E+0
757,7.20E+0,7.20E+0
758,7.12E+0,7.12E+0
759,7.20E+0,7.20E+0
760,7.12E+0,7.12E+0
761,7.20E+0,7.20E+0
762,7.12E+0,7.12E+0
763,7.20E+0,7.20E+0
764,7.20E+0,7.12E+0
765,7.12E+0,7.20E+0
766,7.20E+0,7.12E+0
767,7.12E+0,7.20E+0
768,7.12E+0,7.12E+0
769,7.20E+0,7.20E+0
770,7.20E+0,7.12E+0
771,7.12E+0,7.20E+0
772,7.12E+0,7.12E+0
773,7.20E+0,7.20E+0
774,7.12E+0,7.12E+0
775,7.20E+0,7.20E+0
776,7.12E+0,7.12E+0
777,7.20E+0,7.20E+0
778,7.12E+0,7.12E+0
779,7.20E+0,7.20E+0
780,7.20E+0,7.12E+0
781,7.12E+0,7.20E+0
782,7.12E+0,7.12E+0
783,7.20E+0,7.20E+0
784,7.12E+0,7.20E+0
785,7.20E+0,7.12E+0
786,7.12E+0,7.12E+0
787,7.20E+0,7.20E+0
788,7.12E+0,7.12E+0
789,7.20E+0,7.20E+0
790,7.12E+0,7.20E+0
791,7.20E+0,7.12E+0
792,7.12E+0,7.12E+0
793,7.20E+0,7.20E+0
794,7.12E+0,7.12E+0
795,7.20E+0,7.20E+0
796,7.12E+0,7.12E+0
797,7.20E+0,7.20E+0
798,7.20E+0,7.12E+0
799,7.12E+0,7.20E+0
800,7.12E+0,7.12E+0
801,7.20E+0,7.20E+0
802,7.12E+0,7.12E+0
803,7.20E+0,7.20E+0
804,7.20E+0,7.12E+0
805,7.12E+0,7.20E+0
806,7.12E+0,7.12E+0
807,7.20E+0,7.20E+0
808,7.12E+0,7.12E+0
809,7.20E+0,7.20E+0
810,7.12E+0,7.12E+0
811,7.20E+0,7.20E+0
812,7.12E+0,7.12E+0
813,7.20E+0,7.20E+0
814,7.12E+0,7.12E+0
815,7.20E+0,7.20E+0
816,7.12E+0,7.12E+0
817,7.20E+0,7.20E+0
818,7.12E+0,7.12E+0
819,7.20E+0,7.20E+0
820,7.12E+0,7.12E+0
821,7.20E+0,7.20E+0
822,7.12E+0,7.12E+0
823,7.20E+0,7.20E+0
824,7.12E+0,7.12E+0
825,7.20E+0,7.20E+0
826,7.12E+0,7.12E+0
827,7.20E+0,7.20E+0
828,7.12E+0,7.12E+0
829,7.20E+0,7.20E+0
830,7.12E+0,7.12E+0
831,7.20E+0,7.20E+0
832,7.12E+0,7.12E+0
833,7.20E+0,7.20E+0
834,7.12E+0,7.12E+0
835,7.20E+0,7.20E+0
836,7.12E+0,7.12E+0
837,7.20E+0,7.20E+0
838,7.12E+0,7.12E+0
839,7.20E+0,7.20E+0
840,7.12E+0,7.12E+0
841,7.20E+0,7.20E+0
842,7.12E+0,7.12E+0
843,7.20E+0,7.20E+0
844,7.12E+0,7.12E+0
845,7.20E+0,7.20E+0
846,7.12E+0,7.12E+0
847,7.20E+0,7.20E+0
848,7.20E+0,7.20E+0
849,7.12E+0,7.12E+0
850,7.12E+0,7.12E+0
851,7.20E+0,7.20E+0
852,7.12E+0,7.12E+0
853,7.20E+0,7.20E+0
854,7.12E+0,7.12E+0
855,7.20E+0,7.20E+0
856,7.12E+0,7.12E+0
857,7.20E+0,7.20E+0
858,7.20E+0,7.12E+0
859,7.12E+0,7.20E+0
860,7.20E+0,7.12E+0
861,7.12E+0,7.20E+0
862,7.12E+0,7.12E+0
863,7.20E+0,7.20E+0
864,7.20E+0,7.12E+0
865,7.12E+0,7.20E+0
866,7.12E+0,7.12E+0
867,7.20E+0,7.20E+0
868,7.20E+0,7.12E+0
869,7.12E+0,7.20E+0
870,7.12E+0,7.12E+0
871,7.20E+0,7.20E+0
872,7.12E+0,7.12E+0
873,7.20E+0,7.20E+0
874,7.12E+0,7.12E+0
875,7.20E+0,7.20E+0
876,7.12E+0,7.12E+0
877,7.20E+0,7.20E+0
878,7.12E+0,7.12E+0
879,7.20E+0,7.20E+0
880,7.12E+0,7.12E+0
881,7.20E+0,7.20E+0
882,7.12E+0,7.12E+0
883,7.20E+0,7.20E+0
884,7.12E+0,7.12E+0
885,7.20E+0,7.20E+0
886,7.12E+0,7.12E+0
887,7.20E+0,7.20E+0
888,7.12E+0,7.12E+0
889,7.20E+0,7.20E+0
890,7.20E+0,7.12E+0
891,7.12E+0,7.20E+0
892,7.12E+0,7.12E+0
893,7.20E+0,7.20E+0
894,7.20E+0,7.12E+0
895,7.12E+0,7.20E+0
896,7.12E+0,7.12E+0
897,7.20E+0,7.20E+0
898,7.20E+0,7.12E+0
899,7.12E+0,7.20E+0
900,7.12E+0,7.12E+0
901,7.20E+0,7.20E+0
902,7.12E+0,7.12E+0
903,7.20E+0,7.20E+0
904,7.12E+0,7.12E+0
905,7.20E+0,7.20E+0
906,7.12E+0,7.12E+0
907,7.20E+0,7.20E+0
908,7.12E+0,7.12E+0
909,7.20E+0,7.20E+0
910,7.12E+0,7.12E+0
911,7.20E+0,7.20E+0
912,7.12E+0,7.12E+0
913,7.20E+0,7.20E+0
914,7.12E+0,7.12E+0
915,7.20E+0,7.20E+0
916,7.12E+0,7.12E+0
917,7.20E+0,7.20E+0
918,7.12E+0,7.12E+0
919,7.20E+0,7.20E+0
920,7.12E+0,7.12E+0
921,7.20E+0,7.20E+0
922,7.20E+0,7.12E+0
923,7.12E+0,7.20E+0
924,7.12E+0,7.12E+0
925,7.20E+0,7.20E+0
926,7.12E+0,7.12E+0
927,7.20E+0,7.20E+0
928,7.12E+0,7.12E+0
929,7.20E+0,7.20E+0
930,7.12E+0,7.12E+0
931,7.20E+0,7.20E+0
932,7.12E+0,7.12E+0
933,7.20E+0,7.20E+0
934,7.12E+0,7.12E+0
935,7.20E+0,7.20E+0
936,7.12E+0,7.12E+0
937,7.20E+0,7.20E+0
938,7.12E+0,7.12E+0
939,7.20E+0,7.20E+0
940,7.12E+0,7.12E+0
941,7.20E+0,7.20E+0
942,7.20E+0,7.12E+0
943,7.12E+0,7.20E+0
944,7.12E+0,7.12E+0
945,7.20E+0,7.20E+0
946,7.12E+0,7.12E+0
947,7.20E+0,7.20E+0
948,7.12E+0,7.12E+0
949,7.20E+0,7.20E+0
950,7.12E+0,7.12E+0
951,7.20E+0,7.20E+0
952,7.20E+0,7.12E+0
953,7.12E+0,7.20E+0
954,7.12E+0,7.12E+0
955,7.20E+0,7.20E+0
956,7.12E+0,7.12E+0
957,7.20E+0,7.20E+0
958,7.12E+0,7.12E+0
959,7.20E+0,7.20E+0
960,7.12E+0,7.12E+0
961,7.20E+0,7.20E+0
962,7.12E+0,7.12E+0
963,7.20E+0,7.20E+0
964,7.12E+0,7.12E+0
965,7.20E+0,7.20E+0
966,7.12E+0,7.12E+0
967,7.20E+0,7.20E+0
968,7.12E+0,7.12E+0
969,7.20E+0,7.20E+0
970,7.12E+0,7.12E+0
971,7.20E+0,7.20E+0
972,7.12E+0,7.12E+0
973,7.20E+0,7.20E+0
974,7.12E+0,7.12E+0
975,7.20E+0,7.20E+0
976,7.12E+0,7.12E+0
977,7.20E+0,7.20E+0
978,7.12E+0,7.12E+0
979,7.20E+0,7.12E+0
980,7.12E+0,7.12E+0
981,7.20E+0,7.20E+0
982,7.20E+0,7.12E+0
983,7.12E+0,7.20E+0
984,7.12E+0,7.12E+0
985,7.20E+0,7.20E+0
986,7.12E+0,7.12E+0
987,7.20E+0,7.20E+0
988,7.20E+0,7.12E+0
989,7.12E+0,7.20E+0
990,7.12E+0,7.12E+0
991,7.20E+0,7.20E+0
992,7.12E+0,7.12E+0
993,7.20E+0,7.20E+0
994,7.12E+0,7.12E+0
995,7.20E+0,7.20E+0
996,7.12E+0,7.12E+0
997,7.20E+0,7.20E+0
998,7.12E+0,7.12E+0
999,7.20E+0,7.20E+0
1000,7.20E+0,7.12E+0
1001,7.12E+0,7.20E+0
1002,7.20E+0,7.12E+0
1003,7.12E+0,7.20E+0
1004,7.12E+0,7.12E+0
1005,7.20E+0,7.20E+0
1006,7.12E+0,7.12E+0
1007,7.20E+0,7.20E+0
1008,7.12E+0,7.12E+0
1009,7.20E+0,7.20E+0
1010,7.20E+0,7.12E+0
1011,7.12E+0,7.20E+0
1012,7.12E+0,7.12E+0
1013,7.20E+0,7.20E+0
1014,7.12E+0,7.12E+0
1015,7.20E+0,7.20E+0
1016,7.20E+0,7.12E+0
1017,7.12E+0,7.20E+0
1018,7.12E+0,7.12E+0
1019,7.20E+0,7.20E+0
1020,7.12E+0,7.12E+0
1021,7.20E+0,7.20E+0
1022,7.12E+0,7.12E+0
1023,7.20E+0,7.20E+0
1024,7.12E+0,7.12E+0
1025,7.20E+0,7.20E+0
1026,7.12E+0,7.12E+0
1027,7.20E+0,7.20E+0
1028,7.12E+0,7.12E+0
1029,7.20E+0,7.20E+0
1030,7.12E+0,7.12E+0
1031,7.20E+0,7.20E+0
1032,7.12E+0,7.12E+0
1033,7.20E+0,7.20E+0
1034,7.12E+0,7.12E+0
1035,7.20E+0,7.20E+0
1036,7.12E+0,7.12E+0
1037,7.20E+0,7.20E+0
1038,7.12E+0,7.12E+0
1039,7.20E+0,7.20E+0
1040,7.12E+0,7.12E+0
1041,7.20E+0,7.20E+0
1042,7.12E+0,7.12E+0
1043,7.20E+0,7.20E+0
1044,7.12E+0,7.12E+0
1045,7.20E+0,7.20E+0
1046,7.12E+0,7.12E+0
1047,7.20E+0,7.20E+0
1048,7.20E+0,7.12E+0
1049,7.12E+0,7.20E+0
1050,7.12E+0,7.12E+0
1051,7.20E+0,7.20E+0
1052,7.12E+0,7.12E+0
1053,7.20E+0,7.20E+0
1054,7.12E+0,7.12E+0
1055,7.20E+0,7.20E+0
1056,7.12E+0,7.12E+0
1057,7.20E+0,7.20E+0
1058,7.12E+0,7.12E+0
1059,7.20E+0,7.12E+0
1060,7.12E+0,7.12E+0
1061,7.20E+0,7.20E+0
1062,7.12E+0,7.12E+0
1063,7.20E+0,7.20E+0
1064,7.12E+0,7.12E+0
1065,7.20E+0,7.20E+0
1066,7.12E+0,7.12E+0
1067,7.20E+0,7.20E+0
1068,7.20E+0,7.12E+0
1069,7.12E+0,7.20E+0
1070,7.12E+0,7.12E+0
1071,7.20E+0,7.20E+0
1072,7.12E+0,7.12E+0
1073,7.20E+0,7.20E+0
1074,7.12E+0,7.12E+0
1075,7.20E+0,7.20E+0
1076,7.12E+0,7.12E+0
1077,7.20E+0,7.20E+0
1078,7.12E+0,7.12E+0
1079,7.20E+0,7.20E+0
1080,7.12E+0,7.12E+0
1081,7.20E+0,7.20E+0
1082,7.12E+0,7.12E+0
1083,7.20E+0,7.20E+0
1084,7.12E+0,7.12E+0
1085,7.20E+0,7.20E+0
1086,7.20E+0,7.12E+0
1087,7.12E+0,7.20E+0
1088,7.12E+0,7.12E+0
1089,7.20E+0,7.20E+0
1090,7.20E+0,7.12E+0
1091,7.12E+0,7.20E+0
1092,7.12E+0,7.12E+0
1093,7.20E+0,7.20E+0
1094,7.12E+0,7.12E+0
1095,7.20E+0,7.20E+0
1096,7.12E+0,7.12E+0
1097,7.20E+0,7.20E+0
1098,7.12E+0,7.12E+0
1099,7.20E+0,7.20E+0
1100,7.12E+0,7.12E+0
1101,7.20E+0,7.20E+0
1102,7.12E+0,7.12E+0
1103,7.20E+0,7.20E+0
1104,7.12E+0,7.12E+0
1105,7.20E+0,7.20E+0
1106,7.12E+0,7.12E+0
1107,7.20E+0,7.20E+0
1108,7.12E+0,7.12E+0
1109,7.20E+0,7.20E+0
1110,7.20E+0,7.12E+0
1111,7.12E+0,7.20E+0
1112,7.12E+0,7.12E+0
1113,7.20E+0,7.20E+0
1114,7.12E+0,7.12E+0
1115,7.20E+0,7.20E+0
1116,7.12E+0,7.12E+0
1117,7.20E+0,7.20E+0
1118,7.12E+0,7.12E+0
1119,7.20E+0,7.20E+0
1120,7.12E+0,7.20E+0
1121,7.20E+0,7.12E+0
1122,7.12E+0,7.12E+0
1123,7.20E+0,7.20E+0
1124,7.12E+0,7.12E+0
1125,7.20E+0,7.20E+0
1126,7.12E+0,7.12E+0
1127,7.20E+0,7.20E+0
1128,7.12E+0,7.12E+0
1129,7.20E+0,7.20E+0
1130,7.12E+0,7.12E+0
1131,7.20E+0,7.20E+0
1132,7.12E+0,7.12E+0
1133,7.20E+0,7.20E+0
1134,7.20E+0,7.12E+0
1135,7.12E+0,7.20E+0
1136,7.12E+0,7.12E+0
1137,7.20E+0,7.20E+0
1138,7.12E+0,7.12E+0
1139,7.20E+0,7.12E+0
1140,7.12E+0,7.12E+0
1141,7.20E+0,7.20E+0
1142,7.20E+0,7.12E+0
1143,7.12E+0,7.20E+0
1144,7.12E+0,7.12E+0
1145,7.20E+0,7.20E+0
1146,7.12E+0,7.12E+0
1147,7.20E+0,7.20E+0
1148,7.12E+0,7.12E+0
1149,7.20E+0,7.20E+0
1150,7.12E+0,7.12E+0
1151,7.20E+0,7.20E+0
1152,7.12E+0,7.12E+0
1153,7.20E+0,7.20E+0
1154,7.12E+0,7.12E+0
1155,7.20E+0,7.20E+0
1156,7.12E+0,7.12E+0
1157,7.20E+0,7.20E+0
1158,7.20E+0,7.12E+0
1159,7.12E+0,7.20E+0
1160,7.12E+0,7.12E+0
1161,7.20E+0,7.20E+0
1162,7.12E+0,7.12E+0
1163,7.20E+0,7.20E+0
1164,7.12E+0,7.12E+0
1165,7.20E+0,7.20E+0
1166,7.12E+0,7.12E+0
1167,7.20E+0,7.20E+0
1168,7.12E+0,7.12E+0
1169,7.20E+0,7.20E+0
1170,7.12E+0,7.12E+0
1171,7.20E+0,7.20E+0
1172,7.12E+0,7.12E+0
1173,7.20E+0,7.20E+0
1174,7.12E+0,7.12E+0
1175,7.20E+0,7.20E+0
1176,7.12E+0,7.12E+0
1177,7.20E+0,7.20E+0
1178,7.12E+0,7.12E+0
1179,7.20E+0,7.20E+0
1180,7.20E+0,7.12E+0
1181,7.12E+0,7.20E+0
1182,7.12E+0,7.12E+0
1183,7.20E+0,7.20E+0
1184,7.20E+0,7.20E+0
1185,7.12E+0,7.12E+0
1186,7.12E+0,7.12E+0
1187,7.20E+0,7.20E+0
1188,7.12E+0,7.12E+0
1189,7.20E+0,7.20E+0
1190,7.12E+0,7.12E+0
1191,7.20E+0,7.20E+0
1192,7.20E+0,7.12E+0
1193,7.12E+0,7.20E+0
1194,7.12E+0,7.12E+0
1195,7.20E+0,7.20E+0
1196,7.12E+0,7.12E+0
1197,7.20E+0,7.20E+0
1198,7.12E+0,7.12E+0
1199,7.20E+0,7.20E+0
